userId,wine
f8c400a6-ded1-40b8-95d2-a263d05c30ce,Volevo’
2a62eecd-b0cd-4395-9f8c-7c912a208be2,I heart wines3
4e4e45dd-0473-45c3-be2f-45b33d075f88,Pinot Gris
7f6dede6-b8b5-4bb6-a1ca-ae58c79c0ea7,Marlborough
defee34b-7775-4889-b703-92b730d85e70,Malvasia
91cf68cc-9436-43e1-871d-33beef4d2337,Nuits-Saint-Georges 1er Cru Aux Bousselots
c2dfb861-cdad-4fb2-9460-fc794c7f6cad,Zinfandel
a965be29-83c9-47b7-a5b3-82d99180cf98,Brut Rosé
df904a46-c461-4233-9d44-6ac11a8bbddc,Vitovska acciaio
09f6ca6e-905f-4afd-bab2-d928fe046f18,Perlugo Extra Brut
87609866-dc17-4eb7-884f-b6bdfb80d20c,St. Hallett Barossa
7f6dede6-b8b5-4bb6-a1ca-ae58c79c0ea7,Cirus Madiran
ecc462e1-5041-43ca-94c3-c2bfc9b3215e,Merlot  le vigne di zamo
c88644be-2c9b-42f0-9c4b-7f8e81795f43,Natum Pecorino
5ccd8030-047b-432c-a630-d784ab415756,Full of Joy Grauburgunder Unfiltriert
bf82194f-6108-4524-9cef-69c0231ac74b,Organic pinot grigio terre siciliane igt
f8c400a6-ded1-40b8-95d2-a263d05c30ce,Chianti classico
f8c400a6-ded1-40b8-95d2-a263d05c30ce,Bricco Riva Bianca 
5ccd8030-047b-432c-a630-d784ab415756,Pinot Noir
5ccd8030-047b-432c-a630-d784ab415756,Frescaripa Bardolino Classico
c30006c8-a677-4c8f-9c52-c8f00b48fea4,Rosso di Montepulciano
f8c400a6-ded1-40b8-95d2-a263d05c30ce,Rosso di Montalcino
dcd16582-14d2-4e00-a024-9b5886d29b29,"Vermentino 2015 ""Campo Maccione"""
876b7023-bbf0-4bd8-a341-61ae5bc4b38f,Nativi Gewürtztraminer
bc79b0e3-064d-4240-86de-e86499f577e8,3／17 Temata Awatea
2ae69fac-d491-412f-8164-ccaf59a230c2,Morellino di Scansano 2021
f8c400a6-ded1-40b8-95d2-a263d05c30ce,Cerasuolo di Vittoria
e336887b-883b-4d9a-8cd3-060c25856bfb,Tenuta Sant'Helena Pinot Grigio
36fec3ea-e183-491d-b65a-6c7ac90fafa5,Chardonnay
f8c400a6-ded1-40b8-95d2-a263d05c30ce,Barbaresco
5ccd8030-047b-432c-a630-d784ab415756,Baden-Badener Merlot
76b71bb0-6cc9-4168-8a45-bbafc1e9a256,Pinot Grigio
36fec3ea-e183-491d-b65a-6c7ac90fafa5,Lagrein
36fec3ea-e183-491d-b65a-6c7ac90fafa5,Valdobbiadene Prosecco Superiore Extra Dry
5bce85c2-b3c7-401f-b77b-992df3544479,Pinot noir San Mischael eppan
36fec3ea-e183-491d-b65a-6c7ac90fafa5,Nativi Gewürtztraminer
b795d9cf-103b-48ca-85cf-35502c019801,Tarapaca
2a62eecd-b0cd-4395-9f8c-7c912a208be2,Chateauneuf du pape
b61f83a4-48c5-49a5-aee5-72f7d5221b2a,Prieuré Chambave Moscato Passito
f8c400a6-ded1-40b8-95d2-a263d05c30ce,Gramigna Imperial
4e4e45dd-0473-45c3-be2f-45b33d075f88,Roger et Didier Raimbault Vieilles Vignes Sancerre
f8c400a6-ded1-40b8-95d2-a263d05c30ce,Gavi Masera
ecc462e1-5041-43ca-94c3-c2bfc9b3215e,Friulano
23b6603a-928c-4e54-9c34-bdf3dcb45435,Gewurztraminer
76b71bb0-6cc9-4168-8a45-bbafc1e9a256,Merlot
87609866-dc17-4eb7-884f-b6bdfb80d20c,Morellino di Scansano 2021
990f0572-c5e7-47ec-ba20-141ab6058369,Omega Rosso
36fec3ea-e183-491d-b65a-6c7ac90fafa5,Gigione
f8c400a6-ded1-40b8-95d2-a263d05c30ce,Olmera
f8c400a6-ded1-40b8-95d2-a263d05c30ce,Chianti Classico
bc8f3005-c2c6-4277-9fd7-340248f4e7ec,Terrano
f8c400a6-ded1-40b8-95d2-a263d05c30ce,Barolo Castiglione
d7fffb49-a1f3-433c-a556-a3bc015e7e0f,La Rosina Barbera d'Alba Superiore
2a62eecd-b0cd-4395-9f8c-7c912a208be2,Tingleup Vineyard Riesling
ccdd1b9a-2056-4d76-b922-f427b7932ba7,Valle Central Merlot
a0ef6b50-093e-4ae1-8e3c-58a2a17d2bb8,The Hassar Grill Anniversary Blend
83128cf9-f07f-4de1-97cf-cbde8d38bc3c,Odessa Black
36fec3ea-e183-491d-b65a-6c7ac90fafa5,Pinot Bianco Schulthauser 
2a62eecd-b0cd-4395-9f8c-7c912a208be2,Jam shed shiraz
4ed273f7-1816-4f36-88c7-789125f011c7,Vieilles Vignes Rouge
36fec3ea-e183-491d-b65a-6c7ac90fafa5,Nativi Gewürtztraminer
76b71bb0-6cc9-4168-8a45-bbafc1e9a256,Friulano
ba14097a-c2ac-4d16-a8b9-a237bdc73592,Nebbiolo d'Alba
f8c400a6-ded1-40b8-95d2-a263d05c30ce,Le Volte
f8c400a6-ded1-40b8-95d2-a263d05c30ce,Rimosso
df904a46-c461-4233-9d44-6ac11a8bbddc,Chianti
5ccd8030-047b-432c-a630-d784ab415756,Dettelbach Silvaner
bf82194f-6108-4524-9cef-69c0231ac74b,Nespolino Rubicone Sangiovese - Merlot
bc79b0e3-064d-4240-86de-e86499f577e8,3／17 Te Koko
df904a46-c461-4233-9d44-6ac11a8bbddc,Montefalco Rosso
be0e69e3-30d5-4e21-b62f-05402fbfcd5a,Closeburn Chardonnay
f8c400a6-ded1-40b8-95d2-a263d05c30ce,Il Mattaglio Blanc de Noirs
ecc462e1-5041-43ca-94c3-c2bfc9b3215e,Pignolo
13016d41-00bd-411c-83f5-2b95691696b7,Iridium
f8c400a6-ded1-40b8-95d2-a263d05c30ce,Barolo
014e4ed1-6f8b-4b25-917d-c167a2acca17,Nespolino Rubicone Sangiovese - Merlot
2a62eecd-b0cd-4395-9f8c-7c912a208be2,Cambalala Western cape
7ce591d6-8b1e-4814-ad93-747f36e4013a,Rosé
2a62eecd-b0cd-4395-9f8c-7c912a208be2,Reserva Rioja
cabb87a0-6498-438a-beb7-676f72bddd09,Acrobat chardonnay
2a62eecd-b0cd-4395-9f8c-7c912a208be2,Vignobles roussellet pinot noir
2587fe2b-2481-4150-ae14-99ed61c218ac,Nebbiolo d'Alba DOC Spumante Cuvée 970 Brut Rosé
47edd867-4e96-411a-b436-970e5f750b03,Piceno Bacchus
dd7e04c1-987c-4520-9ab5-c90e86b7dfe1,Vertigo
ce7409cd-2e73-490d-adee-95ed9e8d7b75,Moscato d'Asti
36fec3ea-e183-491d-b65a-6c7ac90fafa5,Ribolla Gialla
f8c400a6-ded1-40b8-95d2-a263d05c30ce,Il Mattaglio Blanc de Blancs
5ccd8030-047b-432c-a630-d784ab415756,Lemberger Alte Reben
36fec3ea-e183-491d-b65a-6c7ac90fafa5,Pinot Grigio
71d38b96-326c-4d01-afc4-b12c947a5c6b,Rosso Carso Črnina
4eb7031c-da00-48f4-bc7f-0a1f1eda7cab,Vitovska acciaio
a94874d2-6af9-4651-a1d3-036ed714f2cb,Pelaverga
5ccd8030-047b-432c-a630-d784ab415756,Haardter Herrenletten
d229f371-d36c-4e52-8806-fdd41896c689,Müller Thurgau
2a62eecd-b0cd-4395-9f8c-7c912a208be2,Diablo dark red
5ccd8030-047b-432c-a630-d784ab415756,Soave classico
36fec3ea-e183-491d-b65a-6c7ac90fafa5,Passo alle Tremiti Rosato
f58879a3-ada7-4ca1-a689-3ffdb734e630,La Moneta Gavi
bc79b0e3-064d-4240-86de-e86499f577e8,Willm Riesling
4313b57d-e3f7-495e-bcfd-ff5c1bf15fcc,Les petits buis
df904a46-c461-4233-9d44-6ac11a8bbddc,Governo all’uso toscano Bernardeschi
4eb7031c-da00-48f4-bc7f-0a1f1eda7cab,Pinotage
76b71bb0-6cc9-4168-8a45-bbafc1e9a256,Pinot Grigio
bc8f3005-c2c6-4277-9fd7-340248f4e7ec,Franciacorta
5ccd8030-047b-432c-a630-d784ab415756,Acinaia
99654a70-c3bb-46f4-8697-b9345482e48d,Cabernet Sauvignon
8a5ddd23-7ed8-4ac0-9c5d-12ff3b908053,Montecampo prosecco Italy
3da6eec4-bd99-4370-be23-676baf750f19,Rascal
518f9753-12b1-4987-b651-38944fc33d07,Zahorra Blanca
f05195e2-51c8-4067-afbd-d0804c860cdd,Cambras merlot cabernet sauvignon
877019f9-3c77-491d-912e-58b2404aed47,Chianti
ec237d07-aabf-47af-a3fa-2b60019d49d7,Malbec (High Mountain Vines)
bc8f3005-c2c6-4277-9fd7-340248f4e7ec,Montepulciano d'Abruzzo
7ed7fb0c-884d-46bf-a14a-205474a0949d,Reserve Merlot
776b5af7-bb8a-484a-bddb-dadf5dab4621,Weissburgunder Kallstadter Steinacker
f8c400a6-ded1-40b8-95d2-a263d05c30ce,Il Mattaglio Blanc de Blancs
ecc462e1-5041-43ca-94c3-c2bfc9b3215e,Pinot nero dedica Komjanc
f8c400a6-ded1-40b8-95d2-a263d05c30ce,Barbera d’Alba
13016d41-00bd-411c-83f5-2b95691696b7,Chianti
776b5af7-bb8a-484a-bddb-dadf5dab4621,Randersacker Sonnenstuhl Silvaner
7f6dede6-b8b5-4bb6-a1ca-ae58c79c0ea7,Pinot gris
5f448912-9792-4679-9410-c6f786d1cf18,Cordero con piel de Lobo
f8c400a6-ded1-40b8-95d2-a263d05c30ce,Tramonto d’oca
36fec3ea-e183-491d-b65a-6c7ac90fafa5,Istrice
f58879a3-ada7-4ca1-a689-3ffdb734e630,Morellino di Scansano
7b8580a6-ec74-44fa-96fe-028257bd61d2,Nagelforst 1268
7f6dede6-b8b5-4bb6-a1ca-ae58c79c0ea7,Petit Chablis
5c865810-7a40-4eb4-93c3-970c4d6ce4da,Moscata D'Asti Casaniere
dc90e649-113d-4cec-983e-d03a7d4acff3,Solosole Vermentino
c3371365-d499-4675-aa68-dbc7b11f0777,Picpoul de Pinet Higues de Beauvignac
838e0d9d-27e9-4f89-9eab-ba2c2f412759,Moscato d'Asti
b795d9cf-103b-48ca-85cf-35502c019801,Prosecco
9250d444-805f-4756-a03b-93a597ab320d,Natum Pecorino
eadb1fb9-7260-4618-aa5a-8f2ebdca2077,Quid Pro Quo - tinto red blend
518f9753-12b1-4987-b651-38944fc33d07,Nebbiolo d'Alba DOC Spumante Cuvée 970 Brut Rosé
5ccd8030-047b-432c-a630-d784ab415756,Blanc de Noir
5ccd8030-047b-432c-a630-d784ab415756,Frühburgunder
f8c400a6-ded1-40b8-95d2-a263d05c30ce,Lagrein Riserva
5ccd8030-047b-432c-a630-d784ab415756,Charlotte Rosé
f8c400a6-ded1-40b8-95d2-a263d05c30ce,Friuli Grave Chardonnay
2ae69fac-d491-412f-8164-ccaf59a230c2,Ronco del Balbo Merlot
7f6dede6-b8b5-4bb6-a1ca-ae58c79c0ea7,Théophile Brut Champagne
f146626e-7c67-46a5-8226-79df4a9b8294,Nebbiolo d'Alba
776b5af7-bb8a-484a-bddb-dadf5dab4621,Zahorra Blanca
4ed273f7-1816-4f36-88c7-789125f011c7,Moscata D'Asti Casaniere
b0fbc6bd-4b1e-48cd-92f3-f49b7a505941,Greco di Tufo Terre Degli Angeli
2a62eecd-b0cd-4395-9f8c-7c912a208be2,19 crimes red wine
838e0d9d-27e9-4f89-9eab-ba2c2f412759,Franciacorta Milledì Brut
b57ea79f-3b3a-4301-af1d-ad8883800bce,Santa Julia Tinto Dulce
e019e935-677a-4713-9c68-e19d2db878c4,Zinfandel
f8c400a6-ded1-40b8-95d2-a263d05c30ce,Graham's Block 7
4313b57d-e3f7-495e-bcfd-ff5c1bf15fcc,Morellino di Scansano DOCG terre di talamo
f8c400a6-ded1-40b8-95d2-a263d05c30ce,Nebbiolo
36fec3ea-e183-491d-b65a-6c7ac90fafa5,Merlot
bc79b0e3-064d-4240-86de-e86499f577e8,3／17 Temata 2 Cape Crest
b61f83a4-48c5-49a5-aee5-72f7d5221b2a,Pinot Grigio Trentino
7f6dede6-b8b5-4bb6-a1ca-ae58c79c0ea7,Les Pierrelles Crozes-Hermitage
f8c400a6-ded1-40b8-95d2-a263d05c30ce,Amarone
bc79b0e3-064d-4240-86de-e86499f577e8,3／4 大亂鬥 5
09f6ca6e-905f-4afd-bab2-d928fe046f18,Vitovska legno
d77c4371-fa10-492d-ba28-d0029997d639,Merlot
13016d41-00bd-411c-83f5-2b95691696b7,Cabernet Franc
776b5af7-bb8a-484a-bddb-dadf5dab4621,Les Terrasses Côtes du Roussillon Villages
7f6dede6-b8b5-4bb6-a1ca-ae58c79c0ea7,Mercurey 'Clos les Bussières' 
f8c400a6-ded1-40b8-95d2-a263d05c30ce,Amarone
838e0d9d-27e9-4f89-9eab-ba2c2f412759,Pigato Riviera Ligure di Ponente
2ffa77ed-f280-430f-bc1c-cefe06bc1de3,Bel Canto Dry Riesling
2a62eecd-b0cd-4395-9f8c-7c912a208be2,Castlelore pinot grigio lazio
018ad2f2-d320-46c2-8eff-56af0c2ac2b8,Merlot
df904a46-c461-4233-9d44-6ac11a8bbddc,Angiolo Puccini Organic Rosso Toscana
f8c400a6-ded1-40b8-95d2-a263d05c30ce,Bolgheri+
86ddb2c4-016f-47ed-8cf9-aa0a3564b7f8,Napa Valley Fumé Blanc
f8c400a6-ded1-40b8-95d2-a263d05c30ce,Brunello di Montalcino Vigna Manapetra
20e0b694-84a5-4f11-9191-598f924c2947,Morellino di Scansano 2021
e019e935-677a-4713-9c68-e19d2db878c4,Morellino di Scansano DOCG terre di talamo
3b1f7bc8-6a23-47e5-97df-043bd1b97f12,Omega Rosso
76b71bb0-6cc9-4168-8a45-bbafc1e9a256,Brunello di Montalcino Riserva Vigna Paganelli
bc79b0e3-064d-4240-86de-e86499f577e8,3/11 Syrah and blend #7
018ad2f2-d320-46c2-8eff-56af0c2ac2b8,Nero d'Avola Sicilia
ce7409cd-2e73-490d-adee-95ed9e8d7b75,White cava
7f6dede6-b8b5-4bb6-a1ca-ae58c79c0ea7,La Banate vieille vignes
f7fb310d-87f1-441a-94ab-f526f66b9ec1,Montefalco Rosso
568ad4cd-9050-48da-b3b2-ed29d405e477,Pinot Nero
dcd16582-14d2-4e00-a024-9b5886d29b29,Alma Mora Reserva Malbec
91cf68cc-9436-43e1-871d-33beef4d2337,Valle Central Merlot
f8c400a6-ded1-40b8-95d2-a263d05c30ce,Corvina 
4313b57d-e3f7-495e-bcfd-ff5c1bf15fcc,Nespolino Rubicone Sangiovese - Merlot
5ccd8030-047b-432c-a630-d784ab415756,Vendemmia
e5b0e77a-ed45-4436-a771-6e01c5782973,Costasera Amarone della Valpolicella Classico Riserva
7e32fee4-f7c4-4600-8a34-db7801ac79d5,Brut (Carte Jaune) Champagne
ec237d07-aabf-47af-a3fa-2b60019d49d7,Just Me
5ccd8030-047b-432c-a630-d784ab415756,Conde de Valdemar Crianza
ecc462e1-5041-43ca-94c3-c2bfc9b3215e,Nus Malvoisie
5ccd8030-047b-432c-a630-d784ab415756,La Moneta Gavi
7ab11062-c77b-4254-9f58-a3f852c73eb3,I Saltari Valpolicella Superiore
f8c400a6-ded1-40b8-95d2-a263d05c30ce,Brunello di Montalcino
f8c400a6-ded1-40b8-95d2-a263d05c30ce,Grauvernatsch
91cf68cc-9436-43e1-871d-33beef4d2337,St. Hallett Barossa
f8c400a6-ded1-40b8-95d2-a263d05c30ce,Vitovska
be0e69e3-30d5-4e21-b62f-05402fbfcd5a,Piceno Bacchus
36fec3ea-e183-491d-b65a-6c7ac90fafa5,Sangiovese Superiore
5ccd8030-047b-432c-a630-d784ab415756,Sauvignon Blanc
36fec3ea-e183-491d-b65a-6c7ac90fafa5,Nativi Gewürtztraminer
86ddb2c4-016f-47ed-8cf9-aa0a3564b7f8,Puntalice
976ec198-048f-405c-b6e6-b17ee1db1139,Ripassa Valpolicella Ripasso Superiore
bc79b0e3-064d-4240-86de-e86499f577e8,3／18 大陸白 7
4ed273f7-1816-4f36-88c7-789125f011c7,Muscat de Beaumes-de-Venise
5ccd8030-047b-432c-a630-d784ab415756,Silvaner Sekt-Brut
36fec3ea-e183-491d-b65a-6c7ac90fafa5,Barbera Piemonte
2ca37f5d-ecd7-4194-9688-90c5ee6d3792,"Ionos, Dry White"
dcd16582-14d2-4e00-a024-9b5886d29b29,Finca La sofia
e019e935-677a-4713-9c68-e19d2db878c4,Merlot  le vigne di zamo
e019e935-677a-4713-9c68-e19d2db878c4,Mussignaz Müller Thurgau
bc8f3005-c2c6-4277-9fd7-340248f4e7ec,Vitovska acciaio
a3b393ad-38d5-4c5a-b814-5fec18a1fa9d,Nebbiolo d alba superiore
f8c400a6-ded1-40b8-95d2-a263d05c30ce,Pinot grigio
5ccd8030-047b-432c-a630-d784ab415756,Full of Joy Weissburgunder
bf82194f-6108-4524-9cef-69c0231ac74b,Nagelforst 1268
a2b48f73-6857-4bcc-a590-6b1ca17dc885,Ginepreta
83128cf9-f07f-4de1-97cf-cbde8d38bc3c,Rubicon
2f3064a7-12af-43d8-90fd-6c4555830fcc,Nuovo Vino
595d2e23-9c80-4c9b-aae0-2a6cb4eeae2b,Moscata D'Asti Casaniere
ecc462e1-5041-43ca-94c3-c2bfc9b3215e,Troj
ec237d07-aabf-47af-a3fa-2b60019d49d7,Barbera
f8c400a6-ded1-40b8-95d2-a263d05c30ce,Cuvée n 4
5ccd8030-047b-432c-a630-d784ab415756,J. Neus Rosé
bc79b0e3-064d-4240-86de-e86499f577e8,"Le Fay d'Homme .Muscadet, France"
36fec3ea-e183-491d-b65a-6c7ac90fafa5,Brera
c60f0ff1-ed30-4df6-a612-b9ae7ca0814b,Trento Doc
70c67292-57ce-4012-a939-5e6ddcb499f8,Müller Thurgau
76b71bb0-6cc9-4168-8a45-bbafc1e9a256,Brunello di Montalcino Riserva Vigna Paganelli
c3371365-d499-4675-aa68-dbc7b11f0777,Terrarosa
f146626e-7c67-46a5-8226-79df4a9b8294,Metodo Classico Pas Dosé
5ccd8030-047b-432c-a630-d784ab415756,Goldmuskateller
d7fffb49-a1f3-433c-a556-a3bc015e7e0f,Cabernet Franc
bc79b0e3-064d-4240-86de-e86499f577e8,"Eric Louis Sancerre, Sauvignon Blanc"
4eb7031c-da00-48f4-bc7f-0a1f1eda7cab,KK Brut Rosé
753594e4-9af7-44dd-a5ad-09a776352d7b,Dogtown Vineyard Zinfandel
5ccd8030-047b-432c-a630-d784ab415756,Morellino di Scansano DOCG terre di talamo
2a62eecd-b0cd-4395-9f8c-7c912a208be2,California chardonnay
f8c400a6-ded1-40b8-95d2-a263d05c30ce,Brunello di Montalcino 
c88644be-2c9b-42f0-9c4b-7f8e81795f43,Popcorn Chardonnay
2a62eecd-b0cd-4395-9f8c-7c912a208be2,Baron amarillo rioja denomacion de origen calificada
a0ef6b50-093e-4ae1-8e3c-58a2a17d2bb8,Inspirational Batch 10
f8c400a6-ded1-40b8-95d2-a263d05c30ce,Il mattaglio brut
09f6ca6e-905f-4afd-bab2-d928fe046f18,Cabernet d'Anjou
f8c400a6-ded1-40b8-95d2-a263d05c30ce,Barolo
f8c400a6-ded1-40b8-95d2-a263d05c30ce,Nagelforst 1268
bec96c0b-5b0b-4992-8756-e0d3b704afb5,Le Difese
ecc462e1-5041-43ca-94c3-c2bfc9b3215e,Collio bianco riserva
5ccd8030-047b-432c-a630-d784ab415756,Retzbacher Sauvignon Blanc
c26b57e2-bb71-43ca-b5bd-361867658d42,Tinto Roble
f8c400a6-ded1-40b8-95d2-a263d05c30ce,Marc'Aurelio
f7fb310d-87f1-441a-94ab-f526f66b9ec1,Montefalco Rosso
5ccd8030-047b-432c-a630-d784ab415756,Vino Nobile di Montepulciano
dcd16582-14d2-4e00-a024-9b5886d29b29,Cordero con piel de lobo
f8c400a6-ded1-40b8-95d2-a263d05c30ce,Chianti classico 
bc79b0e3-064d-4240-86de-e86499f577e8,3／4 大亂鬥 7
2a62eecd-b0cd-4395-9f8c-7c912a208be2,Casillero del diablo pinot gringo
f8c400a6-ded1-40b8-95d2-a263d05c30ce,Tignanello 
5ccd8030-047b-432c-a630-d784ab415756,Valpolicella Ripasso
f7fb310d-87f1-441a-94ab-f526f66b9ec1,Macon-Charnay Clos de Tournons
c60f0ff1-ed30-4df6-a612-b9ae7ca0814b,Pinot nero
b0fbc6bd-4b1e-48cd-92f3-f49b7a505941,Béchar Fiano di Avellino
5ccd8030-047b-432c-a630-d784ab415756,Haut-Medoc
ff89d8c1-48a3-49b5-af95-62d0ce9ecf55,Grey (Glacier) Cabernet Sauvignon
f8f65c20-a3b3-4a4f-bf54-7acd6e53c877,Oltrepo pavese
70c67292-57ce-4012-a939-5e6ddcb499f8,Nero d'Avola Sicilia
5ccd8030-047b-432c-a630-d784ab415756,Valpolicella Classico
e9a40b1d-e044-4cad-90ff-a1e62a37f999,Ksara Blanc De Blancs
09f6ca6e-905f-4afd-bab2-d928fe046f18,Neuburger 2019
a0ef6b50-093e-4ae1-8e3c-58a2a17d2bb8,Rouge
36fec3ea-e183-491d-b65a-6c7ac90fafa5,Montefalco Rosso
36fec3ea-e183-491d-b65a-6c7ac90fafa5,Müller Thurgau
7e32fee4-f7c4-4600-8a34-db7801ac79d5,Reserva riesling estevez 2019
13016d41-00bd-411c-83f5-2b95691696b7,Schioppettino
4eb7031c-da00-48f4-bc7f-0a1f1eda7cab,Sauvignon
a3b393ad-38d5-4c5a-b814-5fec18a1fa9d,Opera Viva
776b5af7-bb8a-484a-bddb-dadf5dab4621,Re Rosso
f8c400a6-ded1-40b8-95d2-a263d05c30ce,Cirò
71d38b96-326c-4d01-afc4-b12c947a5c6b,Müller Thurgau
4ed273f7-1816-4f36-88c7-789125f011c7,Müller Thurgau
7f6dede6-b8b5-4bb6-a1ca-ae58c79c0ea7,Nagelforst 1268
457b85f5-7b46-4f52-85b9-59acb549b9a2,Limniona Rosé
eadb1fb9-7260-4618-aa5a-8f2ebdca2077,Paulucci Malbec (Angel Paulucci Vineyard)
fb9faae5-b479-4a1a-af12-6ed14e5f9d3b,Shiraz
5ccd8030-047b-432c-a630-d784ab415756,Spätburgunder
13016d41-00bd-411c-83f5-2b95691696b7,Pinot Grigio
bc8f3005-c2c6-4277-9fd7-340248f4e7ec,Bollicina
d229f371-d36c-4e52-8806-fdd41896c689,Chateauneuf-Du-Pape
f8c400a6-ded1-40b8-95d2-a263d05c30ce,Cabernet Sauvignon 
e9a40b1d-e044-4cad-90ff-a1e62a37f999,Brachetto Piemonte
7e32fee4-f7c4-4600-8a34-db7801ac79d5,Pas Dosé
ecc462e1-5041-43ca-94c3-c2bfc9b3215e,Traminer Komjanc
2a62eecd-b0cd-4395-9f8c-7c912a208be2,19 crimes dark red
b0fbc6bd-4b1e-48cd-92f3-f49b7a505941,Taurasi Vigna Cinque Querce
f8c400a6-ded1-40b8-95d2-a263d05c30ce,Kerner
36fec3ea-e183-491d-b65a-6c7ac90fafa5,Lagrein Tor di Lupo
c88644be-2c9b-42f0-9c4b-7f8e81795f43,Altitud Chardonnay
5ccd8030-047b-432c-a630-d784ab415756,Maikammer Kirchenstück
c60f0ff1-ed30-4df6-a612-b9ae7ca0814b,Soave classico
36fec3ea-e183-491d-b65a-6c7ac90fafa5,Vieilles Vignes Rouge
b2dd097f-fad9-4daa-9218-d21128ec9ab9,Pigato Riviera Ligure di Ponente
c30006c8-a677-4c8f-9c52-c8f00b48fea4,Maikammer Kapellenberg Chardonnay
f8c400a6-ded1-40b8-95d2-a263d05c30ce,Lagrein
4ed273f7-1816-4f36-88c7-789125f011c7,Pinot bianco
e9a40b1d-e044-4cad-90ff-a1e62a37f999,White Blend
bec96c0b-5b0b-4992-8756-e0d3b704afb5,Ormeasco di Pornassio
dcd16582-14d2-4e00-a024-9b5886d29b29,Morellino di Scansano DOCG terre di talamo
36fec3ea-e183-491d-b65a-6c7ac90fafa5,Franciacorta DOCG Nature
ba14097a-c2ac-4d16-a8b9-a237bdc73592,Red
bc8f3005-c2c6-4277-9fd7-340248f4e7ec,Natum Pecorino
f8c400a6-ded1-40b8-95d2-a263d05c30ce,Chianti classico 
bc79b0e3-064d-4240-86de-e86499f577e8,2/26 海洋影響白 #2 Etna Bianco
2a62eecd-b0cd-4395-9f8c-7c912a208be2,Reserva riesling estevez 2019
f8c400a6-ded1-40b8-95d2-a263d05c30ce,Lagrein Riserva
9250d444-805f-4756-a03b-93a597ab320d,Bubbly Pinot Grigio (Champagne)
3d88fe74-6881-42bd-bb97-d67f2db649d7,Dark Horse Shiraz
c60f0ff1-ed30-4df6-a612-b9ae7ca0814b,Natum Pecorino
f8c400a6-ded1-40b8-95d2-a263d05c30ce,Pojega
f8c400a6-ded1-40b8-95d2-a263d05c30ce,Chance
457b85f5-7b46-4f52-85b9-59acb549b9a2,ATMA
d229f371-d36c-4e52-8806-fdd41896c689,Aziano Chianti Classico
c26b57e2-bb71-43ca-b5bd-361867658d42,Les Terrasses Côtes du Roussillon Villages
f8c400a6-ded1-40b8-95d2-a263d05c30ce,Terrebianche col fondo
457b85f5-7b46-4f52-85b9-59acb549b9a2,Broquel Malbec
5ccd8030-047b-432c-a630-d784ab415756,Randersacker Spätburgunder Rosé
f8c400a6-ded1-40b8-95d2-a263d05c30ce,Guidalberto
2a62eecd-b0cd-4395-9f8c-7c912a208be2,Montecampo prosecco Italy
36fec3ea-e183-491d-b65a-6c7ac90fafa5,Vertigo
876b7023-bbf0-4bd8-a341-61ae5bc4b38f,Signoria Prosecco Extra Dry
f8c400a6-ded1-40b8-95d2-a263d05c30ce,Bitornino 
f8c400a6-ded1-40b8-95d2-a263d05c30ce,Jurançon Sec
36fec3ea-e183-491d-b65a-6c7ac90fafa5,Susumaniello
f8c400a6-ded1-40b8-95d2-a263d05c30ce,Amarone
c3371365-d499-4675-aa68-dbc7b11f0777,M Rosé
a682d322-8cff-4f92-aaa9-c7380de20f10,Picpoul de Pinet Higues de Beauvignac
dcd16582-14d2-4e00-a024-9b5886d29b29,Contracara Reserva 2020
7f6dede6-b8b5-4bb6-a1ca-ae58c79c0ea7,Mendoza Pinot Grigio
5ccd8030-047b-432c-a630-d784ab415756,Bel Colle
7f6dede6-b8b5-4bb6-a1ca-ae58c79c0ea7,Fleurie Grand Pre
7ed7fb0c-884d-46bf-a14a-205474a0949d,Bardolino
7f6dede6-b8b5-4bb6-a1ca-ae58c79c0ea7,Meursault 'Les Grands Charrons'
8d43f723-f1e6-42ae-9e08-484403d2f5a3,Valpolicella Ripasso
36fec3ea-e183-491d-b65a-6c7ac90fafa5,Cabernet Sauvignon
ec237d07-aabf-47af-a3fa-2b60019d49d7,Les Grands Blancs
f9b653da-6c1b-4390-87c6-f74e42bf0a03,Vinho Verde Branco
5ccd8030-047b-432c-a630-d784ab415756,Ribolla Gialla
f8c400a6-ded1-40b8-95d2-a263d05c30ce,Chablis Saint Martin
a94874d2-6af9-4651-a1d3-036ed714f2cb,Pinot gris
5ccd8030-047b-432c-a630-d784ab415756,Handwerk Rosé
5ccd8030-047b-432c-a630-d784ab415756,Chardonnay - Kalkmergel
b61f83a4-48c5-49a5-aee5-72f7d5221b2a,White Blend
c88644be-2c9b-42f0-9c4b-7f8e81795f43,Terrano
990f0572-c5e7-47ec-ba20-141ab6058369,Terrano
91cf68cc-9436-43e1-871d-33beef4d2337,Vistamar Cabernet Sauvignon Reserva
f8c400a6-ded1-40b8-95d2-a263d05c30ce,Bricco Riva Bianca 
f8c400a6-ded1-40b8-95d2-a263d05c30ce,Barig
06614f69-5a3a-455d-924b-6102e0958c6b,Nebbiolo d'Alba
eadb1fb9-7260-4618-aa5a-8f2ebdca2077,Cirò
5ccd8030-047b-432c-a630-d784ab415756,Passo alle Tremiti Rosato
6ff6fb75-4fe9-453f-9c7d-c6ff63ada901,Weisser Burgunder
f8c400a6-ded1-40b8-95d2-a263d05c30ce,Lambrusco Rosè 
36fec3ea-e183-491d-b65a-6c7ac90fafa5,Bossi Fedrigotti Fojaneghe
ce15f400-8bb8-4f99-9a8f-d8f4408641fe,Tenuta Guado al Tasso Il Bruciato Bolgheri
f9b653da-6c1b-4390-87c6-f74e42bf0a03,Vinho Verde Branco
5ccd8030-047b-432c-a630-d784ab415756,Weisser Burgunder
2ae69fac-d491-412f-8164-ccaf59a230c2,Ronco del Balbo Merlot
13016d41-00bd-411c-83f5-2b95691696b7,Ribolla gialla
7f6dede6-b8b5-4bb6-a1ca-ae58c79c0ea7,Quintessence Montagny 1er Cru
5ccd8030-047b-432c-a630-d784ab415756,Spätburgunder Rosé
5ccd8030-047b-432c-a630-d784ab415756,Grauer Burgunder Muschelkalk
f7fb310d-87f1-441a-94ab-f526f66b9ec1,Merlot dedica Komjanc
f8c400a6-ded1-40b8-95d2-a263d05c30ce,Brut Rose’
5ccd8030-047b-432c-a630-d784ab415756,Côtes du Rhône Cuvée Pierre Perrin
f8c400a6-ded1-40b8-95d2-a263d05c30ce,Jesera Pinot Grigio
a8cc530e-e3fe-4a50-a043-a376ea599bf2,Nespolino Rubicone Sangiovese - Merlot
4ee63478-4f55-49ba-8e7f-87bd2c01d028,Prosecco
76b71bb0-6cc9-4168-8a45-bbafc1e9a256,Sauvignon
877019f9-3c77-491d-912e-58b2404aed47,Zamò Bianco
9250d444-805f-4756-a03b-93a597ab320d,Alazani Valley Red Semi Sweet (ალაზნის ველი წითელი ნახევრად ტკბილი)
71d38b96-326c-4d01-afc4-b12c947a5c6b,Pinot Gris
ce7409cd-2e73-490d-adee-95ed9e8d7b75,Merlot dedica Komjanc
47edd867-4e96-411a-b436-970e5f750b03,Vino Nobile di Montepulciano
8a5ddd23-7ed8-4ac0-9c5d-12ff3b908053,Altitud Chardonnay
ecc462e1-5041-43ca-94c3-c2bfc9b3215e,le vigne di zamò ronco dei roseti
f8c400a6-ded1-40b8-95d2-a263d05c30ce,Amarone
f8c400a6-ded1-40b8-95d2-a263d05c30ce,Fidelis
4a3e010a-0761-48d4-90c1-b2905e0b7b4a,Moscata D'Asti Casaniere
7c790e8b-b289-4190-a624-83db79de07af,Sierra Foothills Zinfandel
a0ef6b50-093e-4ae1-8e3c-58a2a17d2bb8,Chardonnay
7f6dede6-b8b5-4bb6-a1ca-ae58c79c0ea7,Portillo Malbec
f8c400a6-ded1-40b8-95d2-a263d05c30ce,Sancerre Rosè 
bc79b0e3-064d-4240-86de-e86499f577e8,Nerello mascalese
70c67292-57ce-4012-a939-5e6ddcb499f8,Picpoul de Pinet Higues de Beauvignac
6ff6fb75-4fe9-453f-9c7d-c6ff63ada901,Morandina Valpolicella Ripasso Superiore
ab01e8ca-2216-4db3-8980-afcd0a03e8d0,Pinot Noir Rosé
bc79b0e3-064d-4240-86de-e86499f577e8,Terroir de Granit Saint Joseph
5ccd8030-047b-432c-a630-d784ab415756,Amarone della Valpolicella
d48fd3bd-06e9-4368-97b9-aae545388325,Chardonnay
91cf68cc-9436-43e1-871d-33beef4d2337,Sacred Hill Pinot Noir
ce7409cd-2e73-490d-adee-95ed9e8d7b75,Chardonnay Cardellino
71d38b96-326c-4d01-afc4-b12c947a5c6b,Terrano
25a04c51-5638-42f0-b2e7-ce49b1c280fc,Vermentino di Gallura
5ccd8030-047b-432c-a630-d784ab415756,Silvaner
2a62eecd-b0cd-4395-9f8c-7c912a208be2,Organic pinot grigio terre siciliane igt
bf82194f-6108-4524-9cef-69c0231ac74b,Nerello mascalese
f7fb310d-87f1-441a-94ab-f526f66b9ec1,Montefalco Rosso
36fec3ea-e183-491d-b65a-6c7ac90fafa5,Bortolomiol Vintage Extra Dry Millesimato
4e4e45dd-0473-45c3-be2f-45b33d075f88,Why not? PREMIUM zin
5ccd8030-047b-432c-a630-d784ab415756,Pinot Noir
23b6603a-928c-4e54-9c34-bdf3dcb45435,Morellino di Scansano 2021
3b1f7bc8-6a23-47e5-97df-043bd1b97f12,White cava
c145de85-6596-46ca-8005-de4b5c325710,Susumaniello
ec237d07-aabf-47af-a3fa-2b60019d49d7,A Charming Pinot
3dd9219a-c64e-4c5a-a61b-aad6a417a69a,Morellino di Scansano DOCG terre di talamo
bec96c0b-5b0b-4992-8756-e0d3b704afb5,Timorasso
2a62eecd-b0cd-4395-9f8c-7c912a208be2,Nebbiolo d'Alba
bc8f3005-c2c6-4277-9fd7-340248f4e7ec,Franciacorta
f7fb310d-87f1-441a-94ab-f526f66b9ec1,Montefalco Rosso
bec96c0b-5b0b-4992-8756-e0d3b704afb5,Rossese
f8c400a6-ded1-40b8-95d2-a263d05c30ce,Ruche'
bc79b0e3-064d-4240-86de-e86499f577e8,2／17 @home #7
91cf68cc-9436-43e1-871d-33beef4d2337,AIX Rose Provence 2019 France Blended
8a5ddd23-7ed8-4ac0-9c5d-12ff3b908053,Monterey Pinot Noir
25a04c51-5638-42f0-b2e7-ce49b1c280fc,Rosso di Montalcino
2587fe2b-2481-4150-ae14-99ed61c218ac,Why not? PREMIUM zin
f8c400a6-ded1-40b8-95d2-a263d05c30ce,Sanrosè 
91cf68cc-9436-43e1-871d-33beef4d2337,Bubbly Pinot Grigio (Champagne)
e786582d-0deb-4e55-969e-065508ca1138,"Vermentino 2015 ""Campo Maccione"""
bc79b0e3-064d-4240-86de-e86499f577e8,5/20 Domaine de Thalabert Croze Hermitage
5ccd8030-047b-432c-a630-d784ab415756,Weissburgunder Kallstadter Steinacker
e336887b-883b-4d9a-8cd3-060c25856bfb,Casillero del diabolo merlot Chile 
c145de85-6596-46ca-8005-de4b5c325710,Zinfandel
5bce85c2-b3c7-401f-b77b-992df3544479,Montepulciano d'Abruzzo
8a5ddd23-7ed8-4ac0-9c5d-12ff3b908053,Ronco del Balbo Merlot
be0e69e3-30d5-4e21-b62f-05402fbfcd5a,Château Haut Bommes Sauternes
441ac739-42f8-48d2-9526-fdedf2d4852f,Vitovska acciaio
06614f69-5a3a-455d-924b-6102e0958c6b,Vigna Kastelaz Gewürztraminer
91cf68cc-9436-43e1-871d-33beef4d2337,Beppe Marino Barbera d'Asti Superiore DOCG
ecc462e1-5041-43ca-94c3-c2bfc9b3215e,Merlot (U)
f8c400a6-ded1-40b8-95d2-a263d05c30ce,Cuvée n 4
13016d41-00bd-411c-83f5-2b95691696b7,Cabernet Franc
c30006c8-a677-4c8f-9c52-c8f00b48fea4,Rock
8a5ddd23-7ed8-4ac0-9c5d-12ff3b908053,Rossese
918cd9b7-8057-4106-8f7f-9e9e3a423fb1,Puntalice
5ccd8030-047b-432c-a630-d784ab415756,Chardonnay Engelsfelsen
bf82194f-6108-4524-9cef-69c0231ac74b,Nuits-Saint-Georges 1er Cru Aux Bousselots
bc79b0e3-064d-4240-86de-e86499f577e8,3／18 大陸白 8
b61f83a4-48c5-49a5-aee5-72f7d5221b2a,Cabernet Sauvignon (815)
7ce591d6-8b1e-4814-ad93-747f36e4013a,Reserva riesling estevez 2019
c60f0ff1-ed30-4df6-a612-b9ae7ca0814b,Weisser Burgunder
838e0d9d-27e9-4f89-9eab-ba2c2f412759,Red (Winemaker's Blend)
9b460857-eabd-47a0-a876-2fb9a3c9946e,Selengaia
7cb9aba3-78f1-4ad5-97ca-8bcc29fb021a,Campo Camino Merlot
91cf68cc-9436-43e1-871d-33beef4d2337,Riesling
d7fffb49-a1f3-433c-a556-a3bc015e7e0f,Pinot bianco
9a3cc655-c88e-4c1b-95e2-add7579ff4c2,Pinot bianco
36fec3ea-e183-491d-b65a-6c7ac90fafa5,Gewürztraminer
f8c400a6-ded1-40b8-95d2-a263d05c30ce,Pojega
2a62eecd-b0cd-4395-9f8c-7c912a208be2,Chateauneuf du pape les cailloux
7f6dede6-b8b5-4bb6-a1ca-ae58c79c0ea7,Mendoza Malbec selected vines
36fec3ea-e183-491d-b65a-6c7ac90fafa5,Vicar’s Choice Sparkling
bc79b0e3-064d-4240-86de-e86499f577e8,Veuve Ambal Methode Traditionelle Blanc de Blancs
f8c400a6-ded1-40b8-95d2-a263d05c30ce,Cerasuolo di Vittoria
c88644be-2c9b-42f0-9c4b-7f8e81795f43,Vitovska acciaio
7f6dede6-b8b5-4bb6-a1ca-ae58c79c0ea7,Ammonite
f7fb310d-87f1-441a-94ab-f526f66b9ec1,Montefalco Rosso
876b7023-bbf0-4bd8-a341-61ae5bc4b38f,Kerner
a0ef6b50-093e-4ae1-8e3c-58a2a17d2bb8,Spier Cabernet Sauvignon
8d43f723-f1e6-42ae-9e08-484403d2f5a3,Vistamar Cabernet Sauvignon Reserva
4e0cbfe3-8d73-4af4-b09e-f3193d1170a5,Zahorra Blanca
2a62eecd-b0cd-4395-9f8c-7c912a208be2,Malbec (Reserva)
2a62eecd-b0cd-4395-9f8c-7c912a208be2,Chartreuse de Bonpas Réserve
4313b57d-e3f7-495e-bcfd-ff5c1bf15fcc,P’tit Piaf Rouge
eadb1fb9-7260-4618-aa5a-8f2ebdca2077,Willm Riesling
f8c400a6-ded1-40b8-95d2-a263d05c30ce,Amarone Campo del Titari
77b7936b-9797-4d14-81bd-a365d777f83d,Montepulciano d'Abruzzo
23b6603a-928c-4e54-9c34-bdf3dcb45435,Morellino di Scansano 2021
4e9cb62e-a165-484b-ad78-cb215523cdd5,Le sol
91cf68cc-9436-43e1-871d-33beef4d2337,Bella Cabernet Sauvignon
91cf68cc-9436-43e1-871d-33beef4d2337,E. Guigal Cotes du Rhone Blended
a94874d2-6af9-4651-a1d3-036ed714f2cb,Valpolicella Ripasso
36fec3ea-e183-491d-b65a-6c7ac90fafa5,Pinot Bianco
7f6dede6-b8b5-4bb6-a1ca-ae58c79c0ea7,Lodi California
f8c400a6-ded1-40b8-95d2-a263d05c30ce,Amarone della Valpolicella 
36fec3ea-e183-491d-b65a-6c7ac90fafa5,Raffa
838e0d9d-27e9-4f89-9eab-ba2c2f412759,Vermentino
df904a46-c461-4233-9d44-6ac11a8bbddc,Astrale
47edd867-4e96-411a-b436-970e5f750b03,Pinot Grigio
bc79b0e3-064d-4240-86de-e86499f577e8,3／4 大亂鬥 9
defee34b-7775-4889-b703-92b730d85e70,I Saltari Valpolicella Superiore
4313b57d-e3f7-495e-bcfd-ff5c1bf15fcc,Nespolino Rubicone Sangiovese - Merlot
2a62eecd-b0cd-4395-9f8c-7c912a208be2,Casillero del diabolo merlot Chile 
f8c400a6-ded1-40b8-95d2-a263d05c30ce,Pian delle Masche Dolcetto d'Alba
7b8580a6-ec74-44fa-96fe-028257bd61d2,Morellino di Scansano DOCG terre di talamo
4a3e010a-0761-48d4-90c1-b2905e0b7b4a,Sauvignon Blanc
defee34b-7775-4889-b703-92b730d85e70,Vitovska Collection
36fec3ea-e183-491d-b65a-6c7ac90fafa5,Metodo Classico Pas Dosé
367d109c-cc13-43ec-b153-a9547a12bd4c,Nativi Gewürtztraminer
13016d41-00bd-411c-83f5-2b95691696b7,Vitovska acciaio
2ca37f5d-ecd7-4194-9688-90c5ee6d3792,"Ionos, Roditis-SYrah"
c145de85-6596-46ca-8005-de4b5c325710,3／4 大亂鬥 10
5ccd8030-047b-432c-a630-d784ab415756,Kaselar Dominikanerberg
bcc4af0f-7f89-4083-86cb-18b605495683,Bourgogne Pinot Noir
f8c400a6-ded1-40b8-95d2-a263d05c30ce,Arns Cabernet Sauvignon 
a0ef6b50-093e-4ae1-8e3c-58a2a17d2bb8,The Old Man's Blend
5ccd8030-047b-432c-a630-d784ab415756,Scheurebe Gleisweiler
4313b57d-e3f7-495e-bcfd-ff5c1bf15fcc,Paul Jaboulet Aine
f8c400a6-ded1-40b8-95d2-a263d05c30ce,Montefalco Rosso
5f448912-9792-4679-9410-c6f786d1cf18,Vitovska Collection
5ccd8030-047b-432c-a630-d784ab415756,Tinto Roble
bc79b0e3-064d-4240-86de-e86499f577e8,Paul Jaboulet Aine
c2dfb861-cdad-4fb2-9460-fc794c7f6cad,Merlot (U)
0c0fb748-ee39-4687-b1a4-65044a48a02f,Pinot Grigio
826c6abe-7147-4b69-aaea-275fe65b033a,Cavalcaonte Barbera Forlí
7ab11062-c77b-4254-9f58-a3f852c73eb3,Dos Ladrones
f8c400a6-ded1-40b8-95d2-a263d05c30ce,Il Mattaglio Blanc de Noirs
36fec3ea-e183-491d-b65a-6c7ac90fafa5,Oltrepo pavese
7cb9aba3-78f1-4ad5-97ca-8bcc29fb021a,Passerina
7f6dede6-b8b5-4bb6-a1ca-ae58c79c0ea7,Rheinhessen Kabinett Riesling
99654a70-c3bb-46f4-8697-b9345482e48d,Vitovska
d838a526-4b0a-4fad-b54f-90b6ca321fca,Pinot Noir
cabb87a0-6498-438a-beb7-676f72bddd09,Terroir de Granit Saint Joseph
5ccd8030-047b-432c-a630-d784ab415756,Limoux
36fec3ea-e183-491d-b65a-6c7ac90fafa5,Sauvignon de la Tour
4a3e010a-0761-48d4-90c1-b2905e0b7b4a,Pinot Gris
70c67292-57ce-4012-a939-5e6ddcb499f8,Gato Negro Cabernet Sauvignon - Merlot
918cd9b7-8057-4106-8f7f-9e9e3a423fb1,Chardonnay
ba14097a-c2ac-4d16-a8b9-a237bdc73592,Pinot blanc
bc79b0e3-064d-4240-86de-e86499f577e8,Roero Arneis
018ad2f2-d320-46c2-8eff-56af0c2ac2b8,Cinque Terre Sciacchetrà Riserva
ecc462e1-5041-43ca-94c3-c2bfc9b3215e,Sinefinis
b61f83a4-48c5-49a5-aee5-72f7d5221b2a,Sauvignon Blanc
5ccd8030-047b-432c-a630-d784ab415756,Maikammer Kirchenstück
5ccd8030-047b-432c-a630-d784ab415756,tschiel brut nature
2a62eecd-b0cd-4395-9f8c-7c912a208be2,The long coast cabernet sauvignon
bc79b0e3-064d-4240-86de-e86499f577e8,"Guillot, Julien (Vignes du Maynes) 2018"
c30006c8-a677-4c8f-9c52-c8f00b48fea4,Falanghina Del Sannio
4ed273f7-1816-4f36-88c7-789125f011c7,Moscato d'Asti
36fec3ea-e183-491d-b65a-6c7ac90fafa5,Lange Nebbiolo
877019f9-3c77-491d-912e-58b2404aed47,Quintessence Montagny 1er Cru
e5b0e77a-ed45-4436-a771-6e01c5782973,Merlot  le vigne di zamo
73923070-fce4-46c0-8d85-a99527e73d02,Trebbiano D'Abruzzo
877019f9-3c77-491d-912e-58b2404aed47,Monterey Pinot Noir
71d38b96-326c-4d01-afc4-b12c947a5c6b,Pinot Grigio Trentino
09f6ca6e-905f-4afd-bab2-d928fe046f18,Cabernet d'Anjou
83128cf9-f07f-4de1-97cf-cbde8d38bc3c,Sacred Hill Pinot Noir
bc8f3005-c2c6-4277-9fd7-340248f4e7ec,2／17 @home #7
dd7e04c1-987c-4520-9ab5-c90e86b7dfe1,Les Folastries Gewürztraminer
c2dfb861-cdad-4fb2-9460-fc794c7f6cad,The First Lady Cabernet Sauvignon
a94874d2-6af9-4651-a1d3-036ed714f2cb,Morandina Valpolicella Ripasso Superiore
4eb7031c-da00-48f4-bc7f-0a1f1eda7cab,Vernaccia
7f6dede6-b8b5-4bb6-a1ca-ae58c79c0ea7,Senorino de Baldios
5ccd8030-047b-432c-a630-d784ab415756,Riesling Kabinett
f8c400a6-ded1-40b8-95d2-a263d05c30ce,Brunello di Montlcino Mozard
df904a46-c461-4233-9d44-6ac11a8bbddc,Il Bianco di Ciccio (Tralcetto)
bc79b0e3-064d-4240-86de-e86499f577e8,3/11 Syrah and blend #1
2a62eecd-b0cd-4395-9f8c-7c912a208be2,"Beefsteak club mendoza, Argentina, malbec "
f8c400a6-ded1-40b8-95d2-a263d05c30ce,Barolo Baccà
36fec3ea-e183-491d-b65a-6c7ac90fafa5,Collepiano
875e7ce2-5a96-497c-9816-563713e93ca8,Arneis
f8c400a6-ded1-40b8-95d2-a263d05c30ce,Corvina 
4ed273f7-1816-4f36-88c7-789125f011c7,Muscat de Beaumes-de-Venise
ecc462e1-5041-43ca-94c3-c2bfc9b3215e,No Land Vineyard
defee34b-7775-4889-b703-92b730d85e70,Ribolla
014e4ed1-6f8b-4b25-917d-c167a2acca17,New Wine
457b85f5-7b46-4f52-85b9-59acb549b9a2,Refosco
f8c400a6-ded1-40b8-95d2-a263d05c30ce,La Cuvee 
36fec3ea-e183-491d-b65a-6c7ac90fafa5,Cabernet Franc
91cf68cc-9436-43e1-871d-33beef4d2337,Châteauneuf-du-Pape
4eb7031c-da00-48f4-bc7f-0a1f1eda7cab,Bollicina
a38e30da-501b-4674-b598-cf9510a2df4c,Moscata D'Asti Casaniere
20e0b694-84a5-4f11-9191-598f924c2947,Morellino di Scansano 2021
36fec3ea-e183-491d-b65a-6c7ac90fafa5,Solosole Vermentino
76b71bb0-6cc9-4168-8a45-bbafc1e9a256,Brachetto Piemonte
f8c400a6-ded1-40b8-95d2-a263d05c30ce,Imperial Brut
0c0fb748-ee39-4687-b1a4-65044a48a02f,Vipra Rossa Umbria
f8c400a6-ded1-40b8-95d2-a263d05c30ce,Montessu
bc79b0e3-064d-4240-86de-e86499f577e8,Dominique Gruhier
976ec198-048f-405c-b6e6-b17ee1db1139,Nebbiolo d alba superiore
3b1f7bc8-6a23-47e5-97df-043bd1b97f12,Moscata D'Asti Casaniere
be0e69e3-30d5-4e21-b62f-05402fbfcd5a,The Old Man's Blend
df904a46-c461-4233-9d44-6ac11a8bbddc,Rèmole Rosso
976ec198-048f-405c-b6e6-b17ee1db1139,Pinot noir San Mischael eppan
b795d9cf-103b-48ca-85cf-35502c019801,Domaine Grand Veneur Blanc de Viogier
f8c400a6-ded1-40b8-95d2-a263d05c30ce,Montepulciano 60
0a23a07a-8556-4ef6-85ee-d996f8ed619e,Talò Primitivo - Merlot
5ccd8030-047b-432c-a630-d784ab415756,Sauvignon Blanc
36fec3ea-e183-491d-b65a-6c7ac90fafa5,Bishop’s Leap
91cf68cc-9436-43e1-871d-33beef4d2337,Hermitage
22c5c1cb-88fd-4870-a911-846516978ed4,Neuburger 2019
ecc462e1-5041-43ca-94c3-c2bfc9b3215e,Ribolla gialla
f8c400a6-ded1-40b8-95d2-a263d05c30ce,Prosecco Elysian
5ccd8030-047b-432c-a630-d784ab415756,Cinquenoci
5ccd8030-047b-432c-a630-d784ab415756,Punt dal crèt
f8c400a6-ded1-40b8-95d2-a263d05c30ce,Amarone
2ae69fac-d491-412f-8164-ccaf59a230c2,Ronco del Balbo Merlot
bf82194f-6108-4524-9cef-69c0231ac74b,The Hassar Grill Anniversary Blend
36fec3ea-e183-491d-b65a-6c7ac90fafa5,Perlugo Extra Brut
5ccd8030-047b-432c-a630-d784ab415756,The Society's Exhibition Shiraz
defee34b-7775-4889-b703-92b730d85e70,Moscata D'Asti Casaniere
4e9cb62e-a165-484b-ad78-cb215523cdd5,Moscata D'Asti Casaniere
f8c400a6-ded1-40b8-95d2-a263d05c30ce,Taurasi
7f6dede6-b8b5-4bb6-a1ca-ae58c79c0ea7,Pinot blanc
4ed273f7-1816-4f36-88c7-789125f011c7,Billi Billi Shiraz
ecc462e1-5041-43ca-94c3-c2bfc9b3215e,Cabernet Franc
dd7e04c1-987c-4520-9ab5-c90e86b7dfe1,Taurasi Vigna Cinque Querce
ab01e8ca-2216-4db3-8980-afcd0a03e8d0,Villa Pagnana Casa Vento Chianti
b57ea79f-3b3a-4301-af1d-ad8883800bce,Nebbiolo d'Alba
22c5c1cb-88fd-4870-a911-846516978ed4,Malbec (High Mountain Vines)
defee34b-7775-4889-b703-92b730d85e70,meeker
a0ef6b50-093e-4ae1-8e3c-58a2a17d2bb8,Grand Rouge
76b71bb0-6cc9-4168-8a45-bbafc1e9a256,Ribolla Cormons
5ccd8030-047b-432c-a630-d784ab415756,Dogliani
7f6dede6-b8b5-4bb6-a1ca-ae58c79c0ea7,Beyerskloof Western Cape
35bcb30c-a1b8-49c0-85e3-aaa84e30f50d,Neuburger 2019
2a62eecd-b0cd-4395-9f8c-7c912a208be2,Black Label Champagne Brut
f8c400a6-ded1-40b8-95d2-a263d05c30ce,Aluvional La Cosulta
5ccd8030-047b-432c-a630-d784ab415756,Blanc de Noir
c2dfb861-cdad-4fb2-9460-fc794c7f6cad,Merlot
defee34b-7775-4889-b703-92b730d85e70,Montepulciano 60
ecc462e1-5041-43ca-94c3-c2bfc9b3215e,Rebula
36fec3ea-e183-491d-b65a-6c7ac90fafa5,Cava Brut
1818462e-a882-487f-9818-98faab99b3c4,Steak House Red
20e0b694-84a5-4f11-9191-598f924c2947,Neuburger 2019
36fec3ea-e183-491d-b65a-6c7ac90fafa5,Crémant d'Alsace Brut Rosè
f7fb310d-87f1-441a-94ab-f526f66b9ec1,'Cuvée des Paladins' Erbaluce di Caluso
3dd9219a-c64e-4c5a-a61b-aad6a417a69a,Tinto Roble
5ccd8030-047b-432c-a630-d784ab415756,Pinot Noir Rosé
7f6dede6-b8b5-4bb6-a1ca-ae58c79c0ea7,Mendoza Chardonnay
bc79b0e3-064d-4240-86de-e86499f577e8,3／Chevalier de Lascomes
bc79b0e3-064d-4240-86de-e86499f577e8,3／4 大亂鬥 2
5ccd8030-047b-432c-a630-d784ab415756,Valpolicella Ripasso Classico Superiore Pojega
5bce85c2-b3c7-401f-b77b-992df3544479,Olmera
a0ef6b50-093e-4ae1-8e3c-58a2a17d2bb8,The Weather Station Sauvignon Blanc
f8c400a6-ded1-40b8-95d2-a263d05c30ce,Etna Bianco 
4eb7031c-da00-48f4-bc7f-0a1f1eda7cab,Torchio
2587fe2b-2481-4150-ae14-99ed61c218ac,Morellino di Scansano 2021
7f6dede6-b8b5-4bb6-a1ca-ae58c79c0ea7,Le Relais de Patache d'Aux
2b88ef27-7d56-4414-9c00-b23851f336d2,refosco Bole
5ccd8030-047b-432c-a630-d784ab415756,The Hassar Grill Anniversary Blend
cabb87a0-6498-438a-beb7-676f72bddd09,Müller Thurgau
014e4ed1-6f8b-4b25-917d-c167a2acca17,Nespolino Rubicone Sangiovese - Merlot
df904a46-c461-4233-9d44-6ac11a8bbddc,Passerina  Terre di Chieti  IGP
bc79b0e3-064d-4240-86de-e86499f577e8,Boscarelli Vino Nobile de Montepulciano DOCG
2a62eecd-b0cd-4395-9f8c-7c912a208be2,Pinot noir provincial Di pavia rose
7c790e8b-b289-4190-a624-83db79de07af,Vigna Piaggia Brunello di Montalcino
ecc462e1-5041-43ca-94c3-c2bfc9b3215e,le vigne di zamo refosco
36fec3ea-e183-491d-b65a-6c7ac90fafa5,Friulano
367d109c-cc13-43ec-b153-a9547a12bd4c,Nativi Gewürtztraminer
f8c400a6-ded1-40b8-95d2-a263d05c30ce,Langhe Nebbiolo
76b71bb0-6cc9-4168-8a45-bbafc1e9a256,Brachetto Piemonte
87609866-dc17-4eb7-884f-b6bdfb80d20c,Rosso di Montepulciano
5ccd8030-047b-432c-a630-d784ab415756,Prosecco Superiore
bc79b0e3-064d-4240-86de-e86499f577e8,"Chateau Grand Village, Bordeaux"
bec96c0b-5b0b-4992-8756-e0d3b704afb5,Aspromonte
9a3cc655-c88e-4c1b-95e2-add7579ff4c2,Malvasia legno
0a23a07a-8556-4ef6-85ee-d996f8ed619e,Nativi Gewürtztraminer
e5b0e77a-ed45-4436-a771-6e01c5782973,Lambrusco Rosè 
cabb87a0-6498-438a-beb7-676f72bddd09,Pinot Noir
4ee63478-4f55-49ba-8e7f-87bd2c01d028,Weisser Burgunder
00324bc3-0b35-4051-bc6d-9c258a4252c2,Ettore germano riesling
bc79b0e3-064d-4240-86de-e86499f577e8,3／4 大亂鬥 10
e336887b-883b-4d9a-8cd3-060c25856bfb,Montepulciano 60
7ab11062-c77b-4254-9f58-a3f852c73eb3,Kung Fu Girl Riesling
c60f0ff1-ed30-4df6-a612-b9ae7ca0814b,Ormeasco di Pornassio
c30006c8-a677-4c8f-9c52-c8f00b48fea4,ATMA
f8c400a6-ded1-40b8-95d2-a263d05c30ce,Chianti classico
4a3e010a-0761-48d4-90c1-b2905e0b7b4a,Pinot Noir
36fec3ea-e183-491d-b65a-6c7ac90fafa5,Phigaia (After The Red)
5ccd8030-047b-432c-a630-d784ab415756,Rosé
5c865810-7a40-4eb4-93c3-970c4d6ce4da,Chardonnay Collio
2ae69fac-d491-412f-8164-ccaf59a230c2,Ribolla Gialla
5ccd8030-047b-432c-a630-d784ab415756,Valpolicella Classico
36fec3ea-e183-491d-b65a-6c7ac90fafa5,Nebbiolo d'Alba DOC Spumante Cuvée 970 Brut Rosé
c88644be-2c9b-42f0-9c4b-7f8e81795f43,Chardonnay
36fec3ea-e183-491d-b65a-6c7ac90fafa5,"Bonarda ""La Gioiosa"""
bc8f3005-c2c6-4277-9fd7-340248f4e7ec,Franciacorta
45a10c93-34ef-4aef-887a-9cd7a4292bec,Vigna Piaggia Brunello di Montalcino
2a62eecd-b0cd-4395-9f8c-7c912a208be2,Soft & Fruity Red
7f6dede6-b8b5-4bb6-a1ca-ae58c79c0ea7,Le Grand Saumur
7f6dede6-b8b5-4bb6-a1ca-ae58c79c0ea7,Valle de Casablanca Sauvignon
9a3cc655-c88e-4c1b-95e2-add7579ff4c2,Vitovska acciaio
cabb87a0-6498-438a-beb7-676f72bddd09,Sauvignon Blanc
4e0cbfe3-8d73-4af4-b09e-f3193d1170a5,Pinotage
2a62eecd-b0cd-4395-9f8c-7c912a208be2,Jam shed malbec
bc79b0e3-064d-4240-86de-e86499f577e8,2/5 大亂鬥 1
7e32fee4-f7c4-4600-8a34-db7801ac79d5,Trento Doc
f8c400a6-ded1-40b8-95d2-a263d05c30ce,Ater
f58879a3-ada7-4ca1-a689-3ffdb734e630,Morellino di Scansano
5ccd8030-047b-432c-a630-d784ab415756,Stil Echt Rosé
9a3cc655-c88e-4c1b-95e2-add7579ff4c2,Chardonnay
4a3e010a-0761-48d4-90c1-b2905e0b7b4a,Voysey pinot gris
5ccd8030-047b-432c-a630-d784ab415756,Saar-Riesling Brut
a3b393ad-38d5-4c5a-b814-5fec18a1fa9d,Vermentino
23b6603a-928c-4e54-9c34-bdf3dcb45435,Morellino di Scansano 2021
45749629-7f44-49a1-92ef-ae32c959b290,Moscata D'Asti Casaniere
367d109c-cc13-43ec-b153-a9547a12bd4c,M Rosé
f8c400a6-ded1-40b8-95d2-a263d05c30ce,Ruche'
877019f9-3c77-491d-912e-58b2404aed47,Montecampo prosecco Italy
83128cf9-f07f-4de1-97cf-cbde8d38bc3c,Riesling
4313b57d-e3f7-495e-bcfd-ff5c1bf15fcc,Rock
f8c400a6-ded1-40b8-95d2-a263d05c30ce,Scopello
ce15f400-8bb8-4f99-9a8f-d8f4408641fe,Grillo
3b1f7bc8-6a23-47e5-97df-043bd1b97f12,Morellino di Scansano DOCG terre di talamo
5ccd8030-047b-432c-a630-d784ab415756,Il Castelliere Passito Bianco
c60f0ff1-ed30-4df6-a612-b9ae7ca0814b,Vitovska
36fec3ea-e183-491d-b65a-6c7ac90fafa5,Collio Sauvignon
1b4a91f7-a311-4db0-a5b1-867736c951fe,Morellino di Scansano 2021
20e0b694-84a5-4f11-9191-598f924c2947,Morellino di Scansano 2021
dcd16582-14d2-4e00-a024-9b5886d29b29,Novecento raices
90044d43-6ed0-4fd6-b8bc-7f72ea6ab800,Natum Pecorino
25a04c51-5638-42f0-b2e7-ce49b1c280fc,Morellino di Scansano 2021
4313b57d-e3f7-495e-bcfd-ff5c1bf15fcc,Le Bosquet Merlot Pays d'Oc 2018
bc79b0e3-064d-4240-86de-e86499f577e8,Firesteed Centerstone Unoaked Chardonnay
4ed273f7-1816-4f36-88c7-789125f011c7,Moscato d'Asti
f8c400a6-ded1-40b8-95d2-a263d05c30ce,Imperial Brut
f8c400a6-ded1-40b8-95d2-a263d05c30ce,Rotari brut
7cb9aba3-78f1-4ad5-97ca-8bcc29fb021a,Aragosta Rosé
595d2e23-9c80-4c9b-aae0-2a6cb4eeae2b,nebbiolo
a8cc530e-e3fe-4a50-a043-a376ea599bf2,Valpolicella Ripasso (Classico Superiore)
f8c400a6-ded1-40b8-95d2-a263d05c30ce,Bolgheri Superiore Sondraia
9250d444-805f-4756-a03b-93a597ab320d,Vistamar Cabernet Sauvignon Reserva
5ccd8030-047b-432c-a630-d784ab415756,Koonunga Hill Shiraz - Cabernet
4eb7031c-da00-48f4-bc7f-0a1f1eda7cab,Malvasia
cabb87a0-6498-438a-beb7-676f72bddd09,Nativi Gewürtztraminer
f8c400a6-ded1-40b8-95d2-a263d05c30ce,Barolo
f96944e4-6672-4ff4-beed-96d17801d495,Morellino di Scansano DOCG terre di talamo
ccdd1b9a-2056-4d76-b922-f427b7932ba7,Casa Rossa Rosso
91cf68cc-9436-43e1-871d-33beef4d2337,Schloss Johannisberg Riesling Spatlese
bec96c0b-5b0b-4992-8756-e0d3b704afb5,Petite arvine
821b2cc2-7e35-4c18-a23b-115c064d740e,Maruja Manzanilla pasada
c145de85-6596-46ca-8005-de4b5c325710,Montessu
c3371365-d499-4675-aa68-dbc7b11f0777,Bollicina
776b5af7-bb8a-484a-bddb-dadf5dab4621,Muscat de Beaumes-de-Venise
36fec3ea-e183-491d-b65a-6c7ac90fafa5,Blu di Burson
e786582d-0deb-4e55-969e-065508ca1138,Terrano
e336887b-883b-4d9a-8cd3-060c25856bfb,Zinfandel
7f6dede6-b8b5-4bb6-a1ca-ae58c79c0ea7,Valle Central Merlot
5ccd8030-047b-432c-a630-d784ab415756,Cabernet Sauvignon Hainfeld
ecc462e1-5041-43ca-94c3-c2bfc9b3215e,Petite arvine
eadb1fb9-7260-4618-aa5a-8f2ebdca2077,Bread & Butter Pinor Noir 2020
defee34b-7775-4889-b703-92b730d85e70,Terrarosa
55851c14-2fd7-4f7e-b4de-b45e14825ac3,Riesling Goldmund Feinherb
ab01e8ca-2216-4db3-8980-afcd0a03e8d0,St. Hallett Barossa
518f9753-12b1-4987-b651-38944fc33d07,Chardonnay
5ccd8030-047b-432c-a630-d784ab415756,Frühburgunder
b2dd097f-fad9-4daa-9218-d21128ec9ab9,Bricco delle Ciliegie Arneis Roero
ec237d07-aabf-47af-a3fa-2b60019d49d7,A Charming Pinot
f8c400a6-ded1-40b8-95d2-a263d05c30ce,Rosso d’Asia
5ccd8030-047b-432c-a630-d784ab415756,Ingelheimer Frühburgunder
5ccd8030-047b-432c-a630-d784ab415756,Grauburgunder Muschelkalk
bc79b0e3-064d-4240-86de-e86499f577e8,3／17 Temata 4 Merlot/Cabernet Sauvignon
bc79b0e3-064d-4240-86de-e86499f577e8,3／18 大陸白 4 Trimbach Gewurztraminer Reserve
36fec3ea-e183-491d-b65a-6c7ac90fafa5,Mazon Trattmannhof Blauburgunder - Pinot Nero
7ed7fb0c-884d-46bf-a14a-205474a0949d,Bordeaux blanc
36fec3ea-e183-491d-b65a-6c7ac90fafa5,Montebruna Barbera d'Asti
f8c400a6-ded1-40b8-95d2-a263d05c30ce,Crognolo 
f8c400a6-ded1-40b8-95d2-a263d05c30ce,Rosso d’Asia
f8c400a6-ded1-40b8-95d2-a263d05c30ce,Cantine Povero Dolcetto Monferrato DOC
8764df8a-0919-433c-beab-053a9c12f402,Nero d'Avola Sicilia
